Key	English	Japanese	French	Spanish	German	Italian	Korean	ChineseSimplified	ChineseTraditional	BrazilianPortuguese
news_header_lakeguardians	Uxie, Mesprit, and Azelf surface in regional raids 	神と呼ばれる伝説のポケモンが地域限定の「伝説レイドバトル」に登場！	Créhelf, Créfollet et Créfadet apparaissent dans des Raids régionaux	Uxie, Mesprit y Azelf aparecen en incursiones regionales	Selfe, Vesprit und Tobutz tauchen in regionalen Raids auf	Uxie, Mesprit e Azelf appaiono nei raid in diverse zone del globo	전설의 포켓몬이 지역한정 「전설 레이드배틀」에 등장합니다! 		湖中的傳說的寶可夢即將降臨團體戰！	Uxie, Mesprit e Azelf chegaram às Reides regionais!
news_subheader_lakeguardians	Uxie, Mesprit, and Azelf surface in regional raids  	神と呼ばれる伝説のポケモンが地域限定の「伝説レイドバトル」に登場！	Créhelf, Créfollet et Créfadet apparaissent dans des Raids régionaux	Uxie, Mesprit y Azelf aparecen en incursiones regionales	Selfe, Vesprit und Tobutz tauchen in regionalen Raids auf	Uxie, Mesprit e Azelf appaiono nei raid in diverse zone del globo	전설의 포켓몬이 지역한정 「전설 레이드배틀」에 등장합니다! 		湖中的傳說的寶可夢即將降臨團體戰！	Uxie, Mesprit e Azelf chegaram às Reides regionais!
news_main_text_lakeguardians	We received numerous reports from all over the world of Uxie, Mesprit, and Azelf. Your work uncovering the mystery of these Legendary Pokémon from the Sinnoh region has led to an amazing discovery! Professor Willow has verified that Uxie, Mesprit, and Azelf have appeared in different regions of the world and will be available to challenge in raids! \n \nDate + Time \nThursday, May 2, 2019, at 1 p.m. to Monday, May 27, 2019, at 1 p.m. PDT (GMT −7) \n  \nFeatures \n- Asia-Pacific: Uxie will be available to challenge in raids \n- Europe, the Middle East, Africa, and India: Mesprit will be available to challenge in raids \n- The Americas and Greenland: Azelf will be available to challenge in raids \n- If you’re extraordinarily lucky, you may encounter these extremely rare Legendary Pokémon in the wild in their different regions, even after the event! \n \nThank you for your work in helping to identify these Legendary Pokémon newly discovered in Pokémon GO. Keep exploring, Trainers!	神と呼ばれる伝説のポケモン「ユクシー」「エムリット」「アグノム」が次々と発見されているようです。ウィロー博士の分析によると、「ユクシー」「エムリット」「アグノム」は、それぞれ世界各地の異なる地域で「伝説レイドバトル」に登場するようです！ \n \n[イベント日時] \n-日本時間2019年5月3日（金）早朝から2019年5月27日（月）まで \n \n[イベント内容] \n-アジア太平洋地域：「ユクシー」が「伝説レイドバトル」に登場 \n-ヨーロッパ、中東、アフリカ、インド：「エムリット」が「伝説レイドバトル」に登場 \n-南北アメリカ、グリーンランド：「アグノム」が「伝説レイドバトル」に登場 -イベント終了後も、ごくまれにそれぞれの地域で「ユクシー」「エムリット」「アグノム」が出現 \n \n新しく『Pokémon GO』に登場した伝説のポケモン「ユクシー」「エムリット」「アグノム」。このポケモンたちに会いに、探索に出かけましょう！ \n『Pokémon GO』を遊ぶ際は、周囲の安全に注意のうえマナーを守ってお楽しみください。 \n※当日の天候条件や諸事情により、イベントの時間・場所・内容が変更になる場合がございます。予めご了承ください。  \n \n—Pokémon GO開発チームより 	De nombreux commentaires sur Créhelf, Créfollet et Créfadet nous sont parvenus du monde entier. Vos efforts pour dévoiler le mystère qui entoure ces Pokémon légendaires de la région de Sinnoh nous ont conduits à une découverte incroyable ! Le Professeur Willow a confirmé que Créhelf, Créfollet et Créfadet sont apparus dans différentes régions du monde et pourront être affrontés dans les Raids. \n \nHoraire \nDu jeudi 2 mai 2019 à 13h PDT (UTC -7) au lundi 27 mai 2019 à 13h PDT (UTC -7) \n  \nParticularités \n- Asie-Pacifique : Créhelf sera disponible en Combats de Raids \n- Europe, Moyen-Orient, Afrique et Inde : Créfollet sera disponible en Combats de Raids \n- Continent américain et Groenland : Créfadet sera disponible en Combats de Raids \n- Si vous avez de la chance vous pourrez rencontrer ces Pokémon légendaires très rares dans leur région respective, et ce même après l’évènement. \n \nNous vous remercions de votre aide dans l’identification de ces Pokémon légendaires nouvellement découverts dans Pokémon GO. Dresseurs, continuez votre exploration !	Hemos recibido numerosos informes de todo el mundo sobre Uxie, Mesprit y Azelf. ¡Tu trabajo para descubrir el misterio de estos Pokémon legendarios de la región de Sinnoh ha llevado a un asombroso descubrimiento! ¡El Profesor Willow ha comprobado que Uxie, Mesprit y Azelf han aparecido en diferentes regiones del mundo y estarán disponibles para desafíos en incursiones!  \n  \nFecha y horas:  \nDel jueves 2 de mayo de 2019 a la 1 p. m. al lunes 27 de mayo de 2019 a la 1 p. m. PDT (GMT −7).  \n   \nDetalles:  \n- Asia Pacífico: Uxie estará disponible para desafíos en incursiones.  \n- Europa, Oriente Medio, África e India: Mesprit estará disponible para desafíos en incursiones.  \n- América y Groenlandia: Azelf estará disponible para desafíos en incursiones.  \n- Si tienes muchísima suerte, puede que te encuentres con estos extremadamente raros Pokémon legendarios en estado salvaje en sus diferentes regiones, ¡incluso después del evento!  \n  \nGracias por tu trabajo ayudando a identificar estos Pokémon legendarios recientemente descubiertos en Pokémon GO. ¡Sigue explorando!	Wir haben zahlreiche Benachrichtigungen aus aller Welt über Selfe, Vesprit und Tobutz erhalten. Dein Beitrag zur Aufdeckung des Geheimnisses dieser Legendären Pokémon aus der Sinnoh-Region hat zu einer erstaunlichen Entdeckung geführt! Professor Willow hat bestätigt, dass Selfe, Vesprit und Tobutz in unterschiedlichen Regionen auf der Welt aufgetaucht sind und in Raids herausgefordert werden können! \n \nWann \nDonnerstag, 2. Mai 2019 um 13:00 Uhr bis Montag, 27. Mai 2019 um 13:00 Uhr PDT (GMT −7) \n  \nDetails \n- Asien-Pazifik: Selfie kann in Raids herausgefordert werden \n- Europa, Mittlerer Osten, Afrika und Indien: Vesprit kann in Raids herausgefordert werden \n- Amerika und Grönland: Tobutz kann in Raids herausgefordert werden \n- Wenn du viel Glück hast, begegnest du diesen sehr seltenen, Legendären Pokémon in ihren verschiedenen Regionen, sogar nach dem Event! \n \nVielen Dank für deine Hilfe bei der Identifizierung dieser Legendären Pokémon, die vor Kurzem in Pokémon GO entdeckt wurden. Forsche weiter, Trainer!	Da tutto il mondo fioccano le segnalazioni della presenza di Uxie, Mesprit e Azelf. Grazie al tuo contributo, il mistero che avvolgeva questi Pokémon leggendari della regione di Sinnoh è stato finalmente svelato! Il Professor Willow ha confermato che Uxie, Mesprit e Azelf sono apparsi in diverse aree geografiche del mondo, per cui gli Allenatori avranno la possibilità di sfidarli nei raid! \n \n- Orari e date - \nDa giovedì 2 maggio 2019 alle 13:00 PDT (GMT -7) a lunedì 27 maggio 2019 alla stessa ora \n  \n- Dettagli - \nAsia Pacifica: Uxie potrà essere sfidato nei raid. \nEuropa, Medio Oriente, Africa e India: Mesprit potrà essere sfidato nei raid. \nAmerica e Groenlandia: Azelf potrà essere sfidato nei raid. \nSe hai proprio una fortuna sfacciata, potresti perfino incontrare questi rarissimi Pokémon leggendari allo stato selvatico nelle rispettive aree geografiche, anche dopo la fine dell’evento! \n \nGrazie per averci aiutato a identificare questi Pokémon leggendari appena scoperti in Pokémon GO. Continua la tua esplorazione e buon divertimento!	신이라 불리는 전설의 포켓몬 「유크시」, 「엠라이트」, 「아그놈」이 차례로 발견되고 있는 것 같습니다. 윌로우박사에 따르면 「유크시」, 「엠라이트」, 「아그놈」은 각각 세계 각지의 다른 장소에서 「전설 레이드배틀」에도 등장한다고 합니다! \n \n[이벤트 일정] \n- 한국 시간 2019년 5월 3일(금)새벽부터 2019년 5월 27일(월)까지 \n \n[이벤트 내용] \n- 아시아태평양 지역: 「유크시」가 전설 레이드배틀에 등장. \n- 유럽, 중동, 아프리카, 인도 지역: 「엠라이트」가 전설 레이드배틀에 등장. \n- 미국, 그린란드 지역: 「아그놈」이 전설 레이드배틀에 등장. \n- 이벤트가 종료된 이후에도 아주 가끔 지역에서 「유크시」, 「엠라이트」, 「아그놈」이 출현. \n \nPokémon GO에서 새로운 전설의 포켓몬을 발견하기까지 최선을 다해 노력한 트레이너 여러분에게 감사의 말씀을 전합니다. 트레이너 여러분, 모험을 멈추지 마세요! \n \n“Pokémon GO”에 새로 등장하는 전설의 포켓몬 「유크시」, 「엠라이트」, 「아그놈」. 이 포켓몬과 만나기 위한 탐색으로 떠납시다! \n“Pokémon GO”를 플레이할 때는 주변 안전에 주의하고 매너를 지키면서 플레이해주세요. \n※당일 날씨 또는 기타 사정에 의해 개최 기간, 장소, 내용 등이 변경될 수 있습니다. 미리 양해 부탁드립니다. \n \n—Pokémon GO 개발팀		據說被稱之為神的傳說的寶可夢由克希、艾姆利多與亞克諾姆陸續出現了！維羅博士分析發現由克希、艾姆利多與亞克諾姆這三隻傳說的寶可夢即將分別在不同地區的傳說團體戰登場！ \n \n【活動時間】 \n- 台灣時間5月3日清晨起至5月27日止 \n \n【活動內容】 \n- 亞太地區：可在傳說團體戰中挑戰由克希 \n- 歐洲、中東、非洲與印度：可在傳說團體戰中挑戰艾姆利多 \n- 美洲與格陵蘭：可在傳說團體戰中挑戰亞克諾姆 \n- 活動結束後也有機會在地圖遇見上述寶可夢，但機率非常低 \n一起出門去尋找新加入Pokémon GO的由克希、艾姆利多和亞克諾姆吧！ \n \n玩遊戲時請注意周遭環境，小心自身安全。 \n \n※活動時間、地點及活動內容等有可能因為當天之天候及其他因素而有所變更。敬請見諒。 \n \n—Pokémon GO開發團隊敬上 	Recebemos inúmeros relatos de todos os lugares do mundo sobre o aparecimento de Uxie, Mesprit e Azelf. O seu trabalho desvendando os mistérios destes Pokémon Lendários da região de Sinnoh nos levaram a uma descoberta impressionante! O Professor Willow constatou que Uxie, Mesprit e Azelf apareceram em regiões diferentes do mundo e poderão ser desafiados em Batalhas de Reide! \n \Data e hora \nDe quinta-feira, 2 de maio de 2019, às 13h do horário do pacífico (GMT −7), a segunda-feira, 27 de maio, às 13h horário do pacífico (GMT −7). \n  \nDetalhes \n-Ásia-Pacífico: Uxie estará disponível em Batalhas de Reide. \n-Europa, Oriente Médio, África e Índia: Mesprit estará disponível em Batalhas de Reide. \n- Américas e Groenlândia: Azelf estará disponível em Batalhas de Reide. \n- Se tiverem muita sorte mesmo, poderão encontrar Uxie, Mesprit e Azelf selvagens em suas respectivas regiões, mesmo após o fim do evento. Mas lembrem-se, estes Pokémon Lendários são extremamente raros! \n \nAgradecemos a sua ajuda para identificar estes Pokémon Lendários recém-descobertos no Pokémon GO. Continuem explorando, Treinadores! 
news_header_mayjuneupdate	Research Breakthrough and Egg changes coming to Pokémon GO	『Pokémon GO』の「大発見」と「タマゴ」に変更を実施 	Des mises à jour de Phases d’Études et d’Œufs arrivent dans Pokémon GO	Se introducen cambios a los logros de investigación y los Huevos en Pokémon GO	Neues bei Forschungsdurchbrüchen und Eiern in Pokémon GO	Novità in arrivo riguardanti le Uova e le scoperte straordinarie in Pokémon GO	“Pokémon GO” 대발견과 포켓몬 알에 변화가 찾아옵니다 		田野調查中的突破性進展和蛋的種類將有所變化 	Confira as mudanças na descoberta extraordinária e nos Ovos do Pokémon GO
news_subheader_mayjuneupdate	Research Breakthrough and Egg changes coming to Pokémon GO	『Pokémon GO』の「大発見」と「タマゴ」に変更を実施 	Des mises à jour de Phases d’Études et d’Œufs arrivent dans Pokémon GO	Se introducen cambios a los logros de investigación y los Huevos en Pokémon GO	Neues bei Forschungsdurchbrüchen und Eiern in Pokémon GO	Novità in arrivo riguardanti le Uova e le scoperte straordinarie in Pokémon GO	“Pokémon GO” 대발견과 포켓몬 알에 변화가 찾아옵니다 		田野調查中的突破性進展和蛋的種類將有所變化 	Confira as mudanças na descoberta extraordinária e nos Ovos do Pokémon GO
news_main_text_mayjuneupdate	Trainers, \n \nWe’re excited to share a few changes to Research Breakthrough rewards and Eggs in the coming weeks. \n \nResearch Breakthroughs  \n- Lugia, Ho-Oh, Latias, and Latios will be Research Breakthrough encounters starting May 1, 2019, at 1 p.m. PDT (GMT −7) through the end of June. \n \nEggs \n- Different Pokémon will hatch from Eggs starting Apr. 26, 2019, at 1:00 p.m. PDT (GMT −7) \n- Trainers can expect 2 km Eggs to hatch Turtwig, Chimchar, Piplup, Bonsly, and many more. \n- Trainers can expect 5 km Eggs to hatch Cubone, Combee, Buizel, Glameow, Bronzor, Skorupi, Croagunk, and many more. \n- Trainers can expect 10 km Eggs to hatch Mawile, Absol, Shinx, Cranidos, Shieldon, Riolu, and many more. \n \nTime to head outside and see what amazing Pokémon you’ll encounter! Let’s GO! \n \n—The Pokémon GO team	トレーナーの皆さん \n \n今後数週間にかけて、「大発見」と「タマゴ」にいくつか変更が加えられます。 \n \n「フィールドリサーチのタスクをクリアすると起こる「大発見」 \n-日本時間2019年5月2日（木）早朝から6月末までの間に「大発見」を発生させると、「ルギア」「ホウオウ」「ラティオス」「ラティアス」が登場 \n \n「タマゴ」 \n-日本時間2019年4月27日（土）早朝から、これまでとは違うポケモンがタマゴからかえるようになります \n-2kmタマゴからは「ナエトル」「ヒコザル」「ポッチャマ」「ウソハチ」などがかえるようになります \n-5kmタマゴからは「カラカラ」「グレッグル」「ブイゼル」「ニャルマー」「ドーミラー」「ミツハニー」「スコルピ」などがかえるようになります \n-10kmタマゴからは「コリンク」「クチート」「アブソル」「ズガイドス」「タテトプス」「リオル」などがかえるようになります \n \nポケモンたちとの新しい出会いを探しに行きましょう！ \n \n—Pokémon GO開発チームより	Dresseurs, \n \nNous sommes heureux d’annoncer quelques changements apportés aux récompenses des Phases d’Études et aux Œufs dans les semaines à venir. \n \nLes Phases d’Études \n- Du 1er mai 2019 à 13h PDT (UTC -7) à la fin du mois de juin, Lugia, Ho-Oh, Latias et Latios pourront être rencontrés lorsqu’une Phase d’Étude sera atteinte. \n \n Les Œufs \n- Différents Pokémon écloront d’Œufs à partir du 26 avril 2019 à 13h PDT (UTC -7) \n- Dans les Œufs de 2 km, les Dresseurs pourront rencontrer Tortipouss, Ouisticram, Tiplouf, Manzaï, et bien d’autres. \n- Dans les Œufs de 5 km, les Dresseurs pourront rencontrer Osselait, Apitrini, Mustébouée, Chaglam, Archéomire, Rapion, Cradopaud, et bien d’autres. \n- Dans les Œufs de 10 km, les Dresseurs pourront rencontrer Mysdibule, Absol, Lixy, Kranidos, Dinoclier, Riolu, et bien d’autres. \n \nSortez vite découvrir plein de Pokémon ! À vos marques, prêts, GO ! \n \n—L’équipe Pokémon GO	¡Hola!  \n  \nNos complace compartir unos cuantos cambios relacionados con los logros de investigación y los Huevos que tendrán lugar durante las próximas semanas.  \n  \nLogros de investigación  \n- Podrás encontrarte con Lugia, Ho-Oh, Latias y Latios al conseguir logros de investigación desde el 1 de mayo de 2019 a la 1 p. m. PDT (GMT −7) hasta finales de junio.  \n  \nHuevos  \n- Eclosionarán Pokémon diferentes de Huevos a partir del 26 de abril de 2019 a la 1 p. m PDT (GMT −7).  \n- Los Entrenadores podrán ver eclosionar de Huevos de 2 km Turtwig, Chimchar, Piplup y Bonsly, entre otros muchos.  \n- Los Entrenadores podrán ver eclosionar de Huevos de 5 km Cubone, Combee, Buizel, Glameow, Bronzor, Skorupi y Croagunk, entre otros muchos.  \n- Los Entrenadores podrán ver eclosionar de Huevos de 10 km Mawile, Absol, Shinx, Cranidos, Shieldon y Riolu, entre otros muchos.  \n  \n¡Hora de salir a la calle y ver con qué increíbles Pokémon te encuentras! ¡Vamos allá!  \n  \n—El equipo de Pokémon GO	Trainer, \n \nin den nächsten Wochen finden einige aufregenden Veränderungen hinsichtlich Forschungsdurchbruch-Belohnungen und Eiern statt! \n \nForschungsdurchbrüche  \n- Lugia, Ho-Oh, Latias und Latios werden vom 1. Mai 2019 um 13:00 Uhr PDT (GMT -7) bis Ende Juni zu Forschungsdurchbruch-Begegnungen. \n \nEier \n- Andere Pokémon als sonst schlüpfen ab dem 26. April 2019 um 13:00 Uhr PDT (GMT -7) aus Eiern. \n- Trainer können damit rechnen, dass Chelast, Panflam, Plinfa, Mobai und viele mehr aus 2-km-Eiern schlüpfen. \n- Trainer können damit rechnen, dass Tragosso, Wadribie, Bamelin, Charmian, Bronzel, Pionskora, Glibunkel und viele mehr aus 5-km-Eiern schlüpfen. \n- Trainer können damit rechnen, dass Flunkifer, Absol, Sheinux, Koknodon, Schilterus, Riolu und viele mehr aus 10-km-Eiern schlüpfen. \n \nNichts wie raus und GO – welchen fantastischen Pokémon wirst du wohl begegnen!? \n \n— Dein Pokémon GO-Team	Ehilà, Allenatore! \n \nSiamo lieti di annunciare alcune novità in arrivo nelle prossime settimane che riguarderanno le Uova e le ricompense per le scoperte straordinarie. \n \nScoperte straordinarie  \nA partire dal 1° maggio 2019 alle 13:00 PDT (GMT -7) e fino alla fine di giugno, avrai la possibilità di incontrare Lugia, Ho-Oh, Latias o Latios come premio per una scoperta straordinaria. \n \nUova \nA partire dal 26 aprile 2019 alle 13:00 PDT (GMT -7), dalle Uova nasceranno Pokémon diversi, ad esempio: \nTurtwig, Chimchar, Piplup, Bonsly e tanti altri, potrebbero nascere dalle Uova da 2 km; \nCubone, Combee, Buizel, Glameow, Bronzor, Skorupi, Croagunk e tanti altri, da quelle da 5 km; \nMawile, Absol, Shinx, Cranidos, Shieldon, Riolu e tanti altri, da quelle da 10 km. \n \nÈ ora di uscire all’aria aperta e incontrare tanti fantastici Pokémon! Pronti, partenza... GO! \n \nIl team di Pokémon GO	트레이너 여러분 \n \n곧 게임에 적용되는 대발견과 포켓몬 알 관련 변경 사항 소식을 전해드립니다. \n \n필드리서치를 클리어하면 일어나는 「대발견」 \n- 한국시간 2019년 5월 2일(목) 새벽부터  6월 말까지 「대발견」이 발생하면 「루기아」, 「칠색조」, 「라티오스」, 「라티아스」가 등장합니다. \n \n알 \n- 한국시간  2019년 4월 27일(토) 새벽부터 지금까지와는 다른 포켓몬이포켓몬이 부화합니다. \n- 2km 알에서 모부기, 불꽃숭이, 팽도리, 꼬지지 등의 포켓몬이 부화하게 됩니다됩니다. \n- 5km 알에서 탕구리, 삐딱구리, 브이젤, 나옹마, 동미러, 세꿀버리, 스콜피 등의 포켓몬이 부화하게 됩니다. \n- 10km 알에서 꼬링크, 입치트, 앱솔, 두개도스, 방패톱스, 리오르 등의 포켓몬이 부화하게 됩니다. \n \n어서 밖으로 나가 포켓몬과의 새로운 만남을 가지세요!		親愛的訓練家們： \n  \n接下來的這幾週內，田野調查的突破性進展獎勵和蛋的種類將出現一些變化。 \n \n突破性進展 \n- 自台灣時間5月2日清晨起至六月底為止，只要在田野調查中達成突破性進展，就有機會遇見洛奇亞、鳳王、拉帝歐斯或拉帝亞斯。 \n \n蛋 \n- 自台灣時間4月27日清晨起，訓練家們將可以從蛋中孵化出和之前不同的寶可夢。 \n- 訓練家可以從2km蛋中孵化出草苗龜、小火焰猴、波加曼、盆才怪等寶可夢。 \n- 訓練家可以從5km的蛋中孵化出卡拉卡拉、不良蛙、泳圈鼬、魅力喵、銅鏡怪、三蜜蜂、鉗尾蠍等寶可夢。 \n- 訓練家可以從10km的蛋中孵化出小貓怪、大嘴娃、阿勃梭魯、頭蓋龍、盾甲龍、利歐路等寶可夢。 \n \n一起出門去尋找更多寶可夢吧！  \n \n—Pokémon GO開發團隊敬上	Treinadores, \n \nEstamos felizes em compartilhar algumas mudanças nas recompensas da descoberta extraordinária e nos Ovos chegando nas próximas semanas. \n \nDescoberta extraordinária  \n- Lugia, Ho-Oh, Latias e Latios poderão ser encontrados através de descobertas extraordinárias entre o dia 1º de maio de 2019, às 13h horário do pacífico (GMT-7), e o fim de junho. \n \nOvos \n- Pokémon diferentes aparecerão em Ovos a partir de 26 de abril de 2019, às 13h horário do pacífico (GMT - 7). \n- Pokémon como Turtwig, Chimchar, Piplup, Bonsly e muitos outros aparecerão em Ovos de 2 km. \n- Pokémon como Cubone, Combee, Buizel, Glameow, Bronzor, Skorupi, Croagunk e muitos outros aparecerão em Ovos de 5 km. \n- Pokémon como Mawile, Absol, Shinx, Cranidos, Shieldon, Riolu e muitos outros aparecerão em Ovos de 10 km. \n \nChegou a hora de explorar o mundo e ver quais Pokémon fantásticos você encontrará! Divirta-se com o Pokémon GO! \n \n— A equipe do Pokémon GO
news_header_shiny_meltan	Shiny Meltan returns for a limited time!	色違いの「メルタン」が期間限定で再登場！	Des Meltan chromatiques reviennent pour une période limitée.	¡Meltan variocolor vuelve por un tiempo limitado!	Schillerndes Meltan erscheint wieder für begrenzte Zeit!	La versione cromatica di Meltan ritorna per un periodo limitato di tempo!	색이 다른 「멜탄」이 기간 한정으로 다시 등장!		異色美錄坦將再次限時登場！	Meltan Brilhante está de volta por um tempo limitado!
news_subheader__shiny_meltan	Shiny Meltan returns for a limited time!	色違いの「メルタン」が期間限定で再登場！	Des Meltan chromatiques reviennent pour une période limitée.	¡Meltan variocolor vuelve por un tiempo limitado!	Schillerndes Meltan erscheint wieder für begrenzte Zeit!	La versione cromatica di Meltan ritorna per un periodo limitato di tempo!	색이 다른 「멜탄」이 기간 한정으로 다시 등장!		異色美錄坦將再次限時登場！	Meltan Brilhante está de volta por um tempo limitado!
news_main_text__shiny_meltan	We are excited to announce that Shiny Meltan is back for a limited time! Meltan, a mysterious and rare Pokémon, only appears when the Mystery Box is opened in Pokémon GO. If you’re lucky, you may encounter Shiny Meltan when you open the Mystery Box from Wednesday, April 24, at 1:00 p.m. PDT until Sunday, May 5, at 1:00 p.m. PDT! \n  \nThe key to catching Meltan is the Mystery Box, which can be obtained by sending a Pokémon from Pokémon GO to the Nintendo Switch titles Pokémon: Let’s Go, Pikachu! or Pokémon: Let’s Go, Eevee!  \n \nUntil now, Trainers had to wait seven days after opening the Mystery Box before opening it again. Starting Wednesday, April 24, at 1:00 p.m. PDT, you’ll be able to open the Mystery Box once every three days, making it easier to get Meltan! Don’t miss your chance to evolve Shiny Meltan into Shiny Melmetal! Start collecting those Meltan Candies, Trainer!  \n \nDate + Time \nWednesday, Apr. 24, at 1:00 p.m. PDT (GMT −7) until Sunday, May 5, at 1:00 p.m. PDT (GMT −7)  \n \nFeatures \n- When you open the Mystery Box, you may encounter the Shiny version of the Mythical Pokémon Meltan! \n- Trainers will now be able to open the Mystery Box every three days, even after the event ends.	トレーナーの皆さん！幻のポケモン「メルタン」の色違いが期間限定で再び登場します！ 「メルタン」は「ふしぎなはこ」を使うことで現れる珍しいポケモンで、今回、日本時間4月25日（木）朝5時00分から5月6日（月）朝5時00分までの期間中、「ふしぎなはこ」を使用している一定時間の間に、運が良ければ色違いのメルタンと出会えるようになるようです！ \n \n「メルタン」をゲットする鍵となる「ふしぎなはこ」は、『Pokémon GO』からNintendo Switchソフト『ポケットモンスター Let's Go! ピカチュウ・Let's Go! イーブイ』にポケモンを初めて連れてきた際に手に入れることができます。 \n \nさらに、今までは7日経過しなければ再び開けることができなかった「ふしぎなはこ」は、4月25日（木）朝5時00分以降からは3日に1回開けることができるようになり、よりメルタンをゲットしやすくなります！ また、「メルタン」は、「メルタンのアメ」を400個集めることで「メルメタル」に進化させることができます。この機会に色違いの「メルメタル」もゲットしましょう！ \n \n[日時] \n日本時間 2019年 4月25日（木）朝5時00分から5月6日（月）朝5時00分まで \n \n[内容] \n「ふしぎなはこ」を使用した際に幻のポケモン「メルタン」の色違いが現れることがある。 \n \n当日の天候​条件や諸​事情により​、​イベントの時間・場所・内容が変更になる場合がございます。予めご了承ください。 	Nous avons le plaisir de vous annoncer que les Meltan chromatiques sont de retour pour une durée limitée ! Meltan, un Pokémon mystérieux et rare, n’apparait que si vous ouvrez la Boîte Mystère dans Pokémon GO. Ouvrez la Boîte Mystère entre mercredi 24 avril à 13h PDT (UTC -7) et dimanche 5 mai à 13h PDT (UTC -7), et vous aurez peut-être la chance de rencontrer un Meltan chromatique.  \n \nPour attraper Meltan, il vous faut une Boîte Mystère, que vous pouvez obtenir en transférant un Pokémon depuis Pokémon GO vers les jeux Pokémon : Let’s Go, Pikachu ou Pokémon : Let’s Go, Évoli pour Nintendo Switch.  \n \nJusqu’à présent, un Dresseur devait attendre 7 jours après avoir ouvert la Boîte Mystère pour l’ouvrir de nouveau. Dès le mercredi 24 avril à 13h PDT (UTC -7), vous pourrez ouvrir la Boîte Mystère tous les trois jours et obtenir ainsi plus de Meltan... Ne ratez pas cette chance de faire évoluer un Meltan chromatique en Melmetal chromatique ! Commencez à collectionner ces Bonbons Meltan, Dresseur !  \n \nHoraire \nDu mercredi 24 avril à 13h PDT (UTC -7) au dimanche 5 mai à 13h PDT (UTC -7)  \n \nParticularités \n- En ouvrant la Boîte Mystère, vous rencontrerez peut-être la version chromatique du Pokémon fabuleux Meltan. \n- Vous pourrez désormais ouvrir la Boîte Mystère tous les trois jours, même après l’évènement.	¡Estamos encantados de anunciar que Meltan variocolor está de vuelta por un tiempo limitado! Meltan, un Pokémon misterioso y raro, aparece únicamente al abrir la Caja Misteriosa en Pokémon GO. Si tienes suerte, ¡puede que te encuentres con un Meltan variocolor cuando abras la Caja Misteriosa del miércoles 24 de abril a la 1:00 p. m. PDT al domingo 5 de mayo a la 1:00 p. m. PDT!.  \n \nLa clave para capturar a Meltan es la Caja Misteriosa, que se puede conseguir enviando un Pokémon de Pokémon GO a los juegos de Nintendo Switch Pokémon: Let’s Go, Pikachu! o Pokémon: Let’s Go, Eevee!  \n \nHasta ahora, has tenido que esperar siete días desde la apertura de la Caja Misteriosa para poder abrirla otra vez. A partir del 24 de abril a la 1:00 p. m. PDT, podrás volver a abrir la Caja Misteriosa una vez cada tres días, ¡haciendo que sea más fácil conseguir a Meltan! ¡No te pierdas la oportunidad de hacer evolucionar a Meltan variocolor a Melmetal variocolor! ¡Empieza a recolectar esos Caramelos Meltan!  \n \nFecha y horas: \nDesde el miércoles 24 de abril a la 1:00 p. m. PDT (GMT −7) hasta el domingo 5 de mayo a la 1:00 p. m. PDT (GMT −7).  \n \nDetalles: \n- Al abrir la Caja Misteriosa, ¡puede que te encuentres con la versión variocolor del Pokémon singular Meltan! \n- Se reducirá a cada tres días el tiempo de espera para poder abrir la Caja Misteriosa, incluso una vez que haya terminado el evento.	Wir haben gute Nachrichten! Schillerndes Meltan kehrt für kurze Zeit zurück! Meltan, ein geheimnisvolles und seltenes Pokémon erscheint nur, wenn eine Wunderbox in Pokémon GO geöffnet wird. Wenn du Glück hast, begegnest du sogar einem Schillernden Meltan, wenn du zwischen Mittwoch, den 24. April um 13:00 Uhr PDT und Sonntag, den 5. Mai um 13:00 Uhr PDT die Wunderbox öffnest!  \n \nWenn du Meltan fangen möchtest, ist die Wunderbox der Schlüssel zum Erfolg. Diese erhältst du, indem du ein Pokémon auf die Nintendo Switch-Spiele Pokémon: Let’s Go, Pikachu! oder Pokémon: Let’s Go, Evoli! überträgst!  \n \nBisher mussten Trainer nach dem Öffnen der Wunderbox sieben Tage warten, bevor sie erneut geöffnet werden konnte. Ab Mittwoch, dem 24. April um 13:00 Uhr PDT musst du nur drei Tage warten, bevor du die Wunderbox erneut öffnen kannst, wodurch es einfacher wird, Meltan zu fangen! Lass dir die Gelegenheit, ein Schillerndes Meltan zu Schillerndes Melmetal zu entwickeln, nicht entgehen! Fange an, Meltan-Bonbons zu sammeln, Trainer!  \n \nWann \nMittwoch, 24. April um 13:00 Uhr PDT (GMT -7) bis Sonntag, 5. Mai um 13:00 Uhr PDT (GMT -7)  \n \nDetails \n- Wenn du die Wunderbox öffnest, begegnest du vielleicht der Schillernden Version des Mysteriösen Pokémon Meltan! \n- Trainer können die Wunderbox jetzt alle drei Tage öffnen, sogar nach dem Ende des Events.	Siamo lieti di annunciare il ritorno di Meltan in versione cromatica, ma solo per un periodo di tempo limitato! Meltan, un Pokémon raro e misterioso, appare solo all’apertura del pacco sorpresa in Pokémon GO. E con un pizzico di fortuna, se aprirai il pacco sorpresa da mercoledì 24 aprile alle 13:00 PDT al 5 maggio alla stessa ora, potresti incontrare la versione cromatica del Pokémon Bullone!  \n \nPer ottenere il pacco sorpresa, indispensabile per la cattura di Meltan, dovrai trasferire un Pokémon da Pokémon GO a Pokémon: Let’s Go, Pikachu! o Pokémon: Let’s Go, Eevee! per Nintendo Switch.  \n \nA partire dal 24 aprile alle 13:00 PDT, inoltre, dopo l’apertura del pacco sorpresa, il tempo di attesa per poterlo aprire nuovamente sarà ridotto da sette a tre giorni, aumentando così le tue possibilità di catturare Meltan. Dulcis in fundo... Non perdere l’occasione di far evolvere la versione cromatica di Meltan per ottenere un Melmetal cromatico! Cosa aspetti? Inizia subito a raccogliere tantissime caramelle Meltan!  \n \n- Orari - \nDa mercoledì 24 aprile alle 13:00 PDT (GMT -7) a domenica 5 maggio alle 13:00 PDT (GMT -7)  \n \n- Dettagli - \nAll’apertura del pacco sorpresa potresti incontrare la versione cromatica del Pokémon misterioso Meltan. \nSarà possibile aprire il pacco sorpresa una volta ogni tre giorni, anche dopo il termine dell’evento.	트레이너 여러분! 환상의 포켓몬 「멜탄」의 색이 다른 포켓몬이 기간 한정으로 다시 등장합니다! 「멜탄」은 이상한 상자를 사용하면 나타나는 희귀한 포켓몬입니다. 이번에는 한국 시간 4월 25일(목) 아침 5시부터 5월 6일(월) 아침 5시까지 이상한 상자를 사용하는 일정 시간 동안에 운이 좋으면 색이 다른 「멜탄」과 만날 수 있습니다! \n \n「멜탄」을 잡는 열쇠인 이상한 상자는 “Pokémon GO”에서 Nintendo Switch 소프트웨어 「포켓몬스터 레츠고! 피가츄・레츠고! 이브이」로 포켓몬을 처음 데려갔을 때 손에 넣을 수 있습니다. \n \n그리고 지금까지는 7일이 지나야 다시 열 수 있었던 「이상한 상자」는 4월 25일(목) 아침 5시 이후부터 3일에 1번 열 수 있게 되어 더 쉽게 멜탄을 잡을 수 있게 됩니다! 또한, 「멜탄」은 「멜탄의 사탕」을 400개 모으면 「멜메탈」로 진화할 수 있습니다. 이번 기회에 색이 다른 「멜메탈」도 손에 넣어보세요! \n \n[일정] \n한국 시간 2019년 4월 25일(목) 아침 5시부터 5월 6일(월) 아침 5시까지 \n \n[내용] \n-「이상한 상자」를 사용했을 때 색이 다른 환상의 포켓몬 「멜탄」이 나타난다. \n \n※ 날씨 또는 기타 사정에 의해 개최 기간, 내용 등이 변경 될 수 있습니다. 미리 양해 부탁드립니다.		親愛的訓練家們！幻之寶可夢美錄坦的異色形態將再次限時登場！自台灣時間4月25日清晨4:00起至5月6日清晨4:00止，只要使用神秘盒子，就有機會遇見異色美錄坦！ \n \n神秘盒子是見到美錄坦的關鍵，只要從Pokémon GO將寶可夢傳送至Nintendo Switch遊戲軟體『精靈寶可夢 Let's Go！皮卡丘／Let's Go！伊布』，就能獲得神秘盒子。 \n \n此外，自4月25日清晨4:00起，使用神秘盒子後的倒數時間將會從原本的7天縮短為3天，捕捉美錄坦將變得更容易。只要收集到400顆美錄坦的糖果，就能牠進化成美錄梅塔，而且異色美錄坦將會進化成異色美錄梅塔，千萬別錯過！ \n \n【活動時間】 \n台灣時間 2019年 4月25日清晨4:00起至5月6日清晨4:00止 \n \n【活動內容】 \n使用神秘盒子時將有機會遇見異色的幻之寶可夢「美錄坦」 \n \n※活動時間與活動內容有可能受天氣或其他因素影響而有所變更，敬請見諒。	Ficamos empolgados em anunciar que Meltan Brilhante está de volta por um tempo limitado! Meltan é um Pokémon misterioso e raro e só aparece quando a Caixa Misteriosa é aberta no Pokémon GO. Se você tiver sorte, poderá encontrar Meltan Brilhante ao abrir a Caixa Misteriosa entre os dias 24 de abril, às 13h horário do pacífico, e 5 de maio, às 13h horário do pacífico!  \n \nO segredo para capturar Meltan se encontra na Caixa Misteriosa, que pode ser obtida enviando Pokémon do Pokémon GO para um dos jogos para Nintendo Switch, Pokémon: Let’s Go, Pikachu! ou Pokémon: Let’s Go, Eevee!.  \n \nAté agora, os Treinadores precisavam esperar sete dias depois de abrir a Caixa Misteriosa para abri-la novamente. A partir do dia 24 de abril, às 13h horário do pacífico, você poderá abrir a Caixa Misteriosa uma vez a cada três dias e terá mais chances de pegar Meltan! Não perca a chance de evoluir Meltan Brilhante para Melmetal Brilhante! Comece a juntar doces de Meltan agora mesmo!  \n \nData e hora \nDe quarta-feira, dia 24 de abril, às 13h horário do pacífico (GMT −7), a domingo, dia 5 de maio, às 13h horário do pacífico (GMT −7).  \n \nDetalhes \n- Ao abrir a Caixa Misteriosa, você poderá encontrar a versão Brilhante do Pokémon Mítico Meltan! \n- Os Treinadores agora poderão abrir a Caixa Misteriosa a cada três dias, mesmo depois que o evento acabar.
news_header_may_cd	Heat up your weekend on May Community Day with Torchic!	5月の「Pokémon GO コミュニティ・デイ」を「アチャモ」と一緒に楽しもう！	Ça va chauffer lors de la Journée Communauté de mai avec Poussifeu.	¡Sube la temperatura de tu finde en el Día de la Comunidad de mayo con Torchic!	Der Community Day mit Flemmli heizt dein Wochenende auf!	Il weekend si incendia con il Community Day di maggio dedicato a Torchic!	5월의 「Pokémon GO 커뮤니티 데이」를 「아차모」와 함께 즐기자!		和火稚雞一起在五月社群日裡燃燒週末吧！	Esquente o seu fim de semana no Dia Comunitário de maio com Torchic!
news_subheader_may_cd	Heat up your weekend on May Community Day with Torchic!	5月の「Pokémon GO コミュニティ・デイ」を「アチャモ」と一緒に楽しもう！	Ça va chauffer lors de la Journée Communauté de mai avec Poussifeu.	¡Sube la temperatura de tu finde en el Día de la Comunidad de mayo con Torchic!	Der Community Day mit Flemmli heizt dein Wochenende auf!	Il weekend si incendia con il Community Day di maggio dedicato a Torchic!	5월의 「Pokémon GO 커뮤니티 데이」를 「아차모」와 함께 즐기자!		和火稚雞一起在五月社群日裡燃燒週末吧！	Esquente o seu fim de semana no Dia Comunitário de maio com Torchic!
news_main_text_may_cd	Mark your calendars for May Community Day, featuring the Fire-type Pokémon Torchic, on the third Sunday in May! Check out the details below: \n \nDate + Time \nGlobally May 19, 2019, from 3:00 p.m. to 6:00 p.m. (local time)  \n \nFeatures \n- Torchic will appear more frequently in the wild. \n- Lure Modules will last three hours for the duration of the event. \n- You may encounter a Shiny Torchic if you’re lucky! \n- Evolve Combusken during the event or up to one hour afterward to obtain Blaziken that know a special move! \n \nBonuses \n- 3× Catch Stardust \n                 \nWe can’t wait to see you out there, Trainers! Stay safe, and happy exploring!	5月の「Pokémon GO コミュニティ・デイ」は、日本時間5月19日（日）昼の15時から18時に開催します！今回は、ほのおタイプのポケモン「アチャモ」が大量発生！詳細は以下の通りです： \n  \n[イベント日時] \n日本時間5月19日（日）昼の15時～18時 \n  \n[イベント内容] \n「アチャモ」がいつもより多く出現 \nイベント期間中はルアーモジュールの効果が3時間持続 \nまれに色違いの「アチャモ」が出現 \nイベント開始時から終了1時間後までに「ワカシャモ」を「バシャーモ」に進化させると、「バシャーモ」が特別なわざを覚えます！  \n \n[ボーナス] \nポケモンをつかまえた時にもらえるほしのすなが3倍  \n                \nトレーナーの皆さんにお会いできるのを楽しみにしています！ \n \n『Pokémon GO』を遊ぶ際は、周囲の安全に注意のうえマナーを守ってお楽しみください。 \n※当日の天候条件や諸事情により、イベントの時間・場所・内容が変更になる場合がございます。予めご了承ください。 	Notez la date de la Journée Communauté de mai qui se déroulera le troisième dimanche de mai et mettra en vedette le Pokémon de type Feu Poussifeu. Voici les détails :  \n  \nHoraire  \nLe 19 mai 2019 de 15h à 18h partout dans le monde (heure locale).  \n  \nParticularités  \n- Poussifeu fera des apparitions plus fréquentes.  \n- Les Modules Leurre resteront actifs pendant trois heures durant l’évènement.  \n- Si vous êtes chanceux, vous pourriez rencontrer un Poussifeu chromatique.  \n- Faites évoluer des Galifeu pendant l’évènement (et jusqu’à une heure après celui-ci) pour obtenir des Braségali connaissant une attaque spéciale.  \n  \nBonus  \n- 3 fois plus de Poussières Étoiles de capture  \n   \nDresseurs, nous vous attendons avec impatience ! Soyez prudents, et bonne exploration.	¡Anota en tu calendario el Día de la Comunidad de mayo, con el Pokémon de tipo Fuego Torchic como protagonista, durante el tercer domingo de mayo! Echa un vistazo a los detalles a continuación:  \n  \nFecha y horas:  \nEn todo el mundo, el 19 de mayo de 2019 de 3:00 p. m. a 6:00 p. m. (hora local).  \n  \nDetalles:  \n- Torchic aparecerá en estado salvaje con más frecuencia.  \n- Los Módulos Cebo durarán tres horas durante el evento.  \n- ¡Si tienes suerte, puede que te encuentres con un Torchic variocolor!  \n- ¡Haz que un Combusken evolucione durante el evento o hasta una hora después del mismo para conseguir un Blaziken que conoce un movimiento especial!  \n  \nBonus:  \n- Triple de Polvos Estelares por captura.  \n   \n¡Esperamos verte por ahí! ¡Recuerda estar alerta a tus alrededores mientras disfrutas explorando!	Markiere deinen Kalender für den Community Day am dritten Sonntag im Mai mit dem Feuer-Pokémon Flemmli! Hier sind die Infos: \n \nWann Weltweit am 19. Mai 2019 von 15:00 Uhr bis 18:00 Uhr (Ortszeit) \n \nDetails \n- Wilde Flemmli erscheinen mit vermehrter Häufigkeit. \n- Lockmodule halten während des Events drei Stunden lang an. \n- Mit etwas Glück begegnest du vielleicht einem Schillernden Flemmli! \n- Entwickle Jungglut während oder bis zu einer Stunde nach Abschluss des Events, um Lohgock zu erhalten, die eine besondere Attacke beherrschen! \n \nBonusse \n Dreifache Menge Fang-Sternenstaub \n \nWir können es kaum erwarten, dich da draußen zu sehen, Trainer! Allzeit sichere und schöne Entdeckungsreisen!	Segna la data sul calendario, perché il Pokémon di tipo Fuoco Torchic farà capolino la terza domenica di maggio, in occasione del Community Day del mese. Ecco tutte le informazioni: \n \n- Orari e date - \nIn tutto il mondo: il 19 maggio 2019, dalle 15:00 alle 18:00, ora locale \n \n- Dettagli - \nTorchic apparirà più frequentemente allo stato selvatico. \nI moduli esca dureranno tre ore nel corso dell’evento. \nCon un po’ di fortuna, potresti persino incontrare un Torchic cromatico! \nSe farai evolvere Combusken fino a un’ora dopo la fine dell’evento, otterrai un Blaziken che conosce una mossa particolare! \n \n- Bonus - \nTriplo della polvere di stelle da cattura \n  \nGambe in spalla, ci vediamo in giro! Ricorda di essere sempre prudente e buon divertimento!	 5월의 「Pokémon GO 커뮤니티 데이」는 한국시간 5월 19일(일) 15시부터 18시까지 개최합니다! 이번에는 불꽃타입포켓몬 아차모가 대량발생! 자세한 내용은 아래를 확인해 주세요. \n  \n[이벤트 일정] \n한국 시간 2019년 5월 19일(일) 15시부터 18시까지 \n \n[이벤트 내용] \n- 아차모가 평소보다 많이 나타납니다. \n- 이벤트 기간에는 루어모듈의 효과가 3시간 동안 지속됩니다. \n- 운이 좋으면 색이 다른 아차모를 만날 수 있습니다! \n- 이벤트 시작부터 종료 1시간 후까지 영치코를 번치코로 진화시키면 특별한 기술을 배웁니다. \n \n[보너스] \n- 포켓몬을 잡았을 때 받을 수 있는 별의모래가 3배 \n \n트레이너 여러분과 만날 수 있길 기대하고 있습니다!  \n \n“Pokémon GO”를 플레이할 때는 주변 안전에 주의하고 매너를 지키면서 플레이해주세요. \n※당일 날씨 또는 기타 사정에 의해 개최 기간, 장소, 내용 등이 변경될 수 있습니다. 미리 양해 부탁드립니다.		五月社群日將於五月的第三個星期日登場，這次的主角寶可夢是火稚雞！趕快在你的行程表上記下這個日子吧！活動詳情如下： \n \n活動日期 \n台灣時間5月19日15:00～18:00  \n \n活動內容 \n- 火稚雞出現在地圖上的機率將會提高 \n- 誘餌模組的效果將持續3小時 \n- 只要你夠幸運，或許有機會能遇見異色火稚雞！ \n- 只要在活動結束後1小時的最終期限內讓力壯雞進化成火焰雞，牠就能學會特別的招式！ \n \n獎勵 \n- 捕捉寶可夢時可獲得的星星沙子增加為平時的3倍 \n \n我們非常期待能在社群日當天見到各位訓練家！！ \n \n玩遊戲時請注意周遭環境，小心自身安全。 \n※活動時間、地點及活動內容等有可能因為當天之天候及其他因素而有所變更。敬請見諒。	Não deixe de marcar o Dia Comunitário de maio na sua agenda. O evento está marcado para o terceiro domingo de maio e contará com o Pokémon de tipo Fogo Torchic! Confira os detalhes sobre o evento abaixo: \n \nData e hora \nGlobalmente, 19 de maio de 2019, das 15h às 18h (hora local). \n \nDetalhes \n- Torchic selvagens aparecerão com mais frequência. \n- Os Módulos Atrair durarão três horas durante o horário do evento. \n- Se tiver sorte, você poderá encontrar um Torchic Brilhante! \n- Ao evoluir Combusken até uma hora após o evento, você obterá Blaziken que saberá um movimento especial! \n \nBônus \n- O triplo de Poeira Estelar por captura. \n \nMal podemos esperar para ver você lá! Tome cuidado e divirta-se explorando o mundo!
news_header_gosnapshot_contest1	Show off your photography skills and win our GO Snapshot contest!	「GOスナップショットチャレンジ」開催！GOスナップショットで写真を撮影し、コンテストに応募しましょう！	Démontrez vos talents de photographe et gagnez notre concours Cliché GO.	¡Presume de tus habilidades fotográficas y gana el concurso Instantánea de GO!	Schnappt euch mit euren Fotos den Sieg beim GO-Schnappschuss-Wettbewerb!		「GO스냅샷 챌린지」 개최! GO스냅샷으로 사진을 찍고 콘테스트에 응모하자!		「GO Snapshot大賽」登場！用GO Snapshot拍照，和其他訓練家一較高下吧！	
news_subheader_gosnapshot_contest1	Show off your photography skills and win our GO Snapshot contest!	「GOスナップショットチャレンジ」開催！GOスナップショットで写真を撮影し、コンテストに応募しましょう！	Démontrez vos talents de photographe et gagnez notre concours Cliché GO.	¡Presume de tus habilidades fotográficas y gana el concurso Instantánea de GO!	Schnappt euch mit euren Fotos den Sieg beim GO-Schnappschuss-Wettbewerb!		「GO스냅샷 챌린지」 개최! GO스냅샷으로 사진을 찍고 콘테스트에 응모하자!		「GO Snapshot大賽」登場！用GO Snapshot拍照，和其他訓練家一較高下吧！	
news_main_text_gosnapshot_contest1	We have been so impressed by your photography skills using the new GO Snapshot feature while on adventures in the real world with your favorite Pokémon. Since the launch of GO Snapshot, Trainers around the world have been creating works of art! \n \nNow, it’s time to put those photography skills to the test! We are excited to announce the #GOsnapshot Challenge, where you can truly showcase your eye for creativity. Trainers are invited to participate in the three unique challenges of the contest, each with a specific focus and task for taking photos with your Pokémon. \n \nFor more information about our GO Snapshot contest, <a href="https://pokemongolive.com/post/gosnapshotsummer2019/">tap here to go to our blog</a>.	「GOスナップショット」が実装されてから、世界中のトレーナーがすてきな写真を撮影してくれています。ポケモンとの冒険の思い出をシェアしてくれて、ありがとうございます！ \n「GOスナップショットチャレンジ」を使って、皆さんのポケモンを魅力的に撮影してみてください！テーマの異なる3つのお題（チャレンジ）を用意しています。 \n \n<b>アドベンチャー#1：Buddy Challenge</b> \n<b>アドベンチャー#2：Habitat Challenge</b> \n<b>アドベンチャー#3：Go Create Challenge</b> \n \n「GOスナップショットチャレンジ」の詳細は<a href="https://pokemongolive.com/ja/post/gosnapshotsummer2019">こちら</a>でご確認ください。 \n \n皆さんの個性的かつ想像力豊かな写真を楽しみにしています！世界中に最高の一枚をシェアしましょう！	Nous sommes très impressionnés par les belles photos que vous avez prises avec Cliché GO durant vos aventures dans le monde avec vos Pokémon favoris. Depuis le lancement de Cliché GO, les Dresseurs du monde entier ont réalisé des œuvres d’art.  \n  \nIl est donc grand temps de tester vos talents de photographe. Nous sommes heureux de vous annoncer le Défi #GOsnapshot, durant lequel vous pourrez laisser libre cours à votre créativité. Pour ce concours, les Dresseurs sont invités à participer à trois défis uniques qui consisteront à prendre des photos avec vos Pokémon sur un thème spécifique.  \n  \nPour en savoir plus sur notre concours Cliché GO, touchez ici pour vous rendre sur <a href="https://pokemongolive.com/post/gosnapshotsummer2019/">notre blog</a>. 	\nEstamos realmente impresionados con las habilidades fotográficas de los Entrenadores con la nueva función Instantánea de GO durante las aventuras por el mundo real con vuestros Pokémon favoritos. ¡Desde el lanzamiento de Instantánea de GO, Entrenadores de todo el mundo han estado creando verdaderas obras de arte! \n \n¡Ahora es hora de poner a prueba esas habilidades fotográficas! Estamos muy contentos de anunciar el reto #GOsnapshot, en el que podrás demostrar tu creatividad. Estás invitado a participar en tres retos únicos dentro del concurso, cada uno con un enfoque y una tarea específicos para hacerte fotos con tus Pokémon. \n \nPara más información acerca de nuestro concurso Instantánea GO, <a href="https://pokemongolive.com/post/gosnapshotsummer2019/">pulsa aquí o visita nuestro blog</a>.	Wir sind wirklich beeindruckt von den Fotos, die ihr mit GO-Schnappschuss auf den Abenteuerreisen mit eurem Lieblings-Pokémon in der realen Welt gemacht habt. Seit der Veröffentlichung von GO-Schnappschuss haben die Trainer auf der ganzen Welt wahre Kunstwerke erschaffen! \n \nNun stellen wir eure Fähigkeiten als Fotografen auf die Probe! Bei der #GOSnapshot-Herausforderung könnt ihr eure kreative Ader unter Beweis stellen. Der Wettbewerb besteht aus drei einzigartigen Herausforderungen mit unterschiedlichen Schwerpunkten und Aufgaben für die Fotos von euren Pokémon.  \n \n<a href="https://pokemongolive.com/post/gosnapshotsummer2019/">Tippe hier, um unseren Blog zu besuchen</a> und mehr zu erfahren.		「GO스냅샷」이 추가되면서 전 세계 트레이너가 멋진 사진을 촬영하고 있습니다. 포켓몬과의 추억을 공유해 주셔서 감사합니다! \n「GO스냅샷 챌린지」를 통해 여러분의 포켓몬을 매력적으로 촬영해 보세요! 테마가 다른 3가지 주제(챌린지)를 준비했습니다. \n \n<b>어드벤처 #1: Buddy Challenge</b> \n<b>어브벤처 #2: Habitat Challenge</b> \n<b>어드벤처 #3: Go Create Challenge</b> \n \n「GO스냅샷 챌린지」의 자세한 내용은 <a href="https://pokemongolive.com/post/gosnapshotsummer2019">여기</a>에서 확인해 주세요. \n \n여러분의 개성과 창의력 넘치는 사진을 기대하고 있습니다! 전 세계에 최고의 1장을 공유해 주세요!		自GO Snapshot功能登場以來，我們不斷收到世界各地訓練家傳來的的精美照片。謝謝各位這麼熱情地跟我們分享你和寶可夢們的美好記憶！為了讓各位訓練家有更多大展身手的機會，我們將舉辦「GO Snapshot大賽」，大賽中共有三項挑戰，歡迎各位踴躍參加！ \n \n<b>挑戰#1：Buddy Challenge</b> \n<b>挑戰#2：Habitat Challenge</b> \n<b>挑戰#3：Go Create Challenge</b> \n \n更多GO Snapshot大賽的相關消息，請至<a href="https://pokemongolive.com/post/gosnapshotsummer2019">官方網站</a>確認。 \n \n我們非常期待各位創意滿分的照片！	
news_header_LuckyFriends	Lucky Friends and avatar poses! Let’s GO!	「キラフレンド」と「トレーナーポーズ」が登場！	Amis Chanceux et poses d’avatar ! C'est parti !	¡Amistad con suerte y poses de avatar! ¡Let’s GO!	Glücks-Freunde und Avatar-Posen! Let’s GO!	Amici fortunati e pose avatar! Avanti! 	「반짝반짝 프렌드」와 「트레이너 포즈」가 등장!		「亮晶晶好朋友」與「訓練家姿勢」登場！	Amigos sortudos e poses do avatar! Vamos Lá!
news_subheader_LuckyFriends	Lucky Friends and avatar poses! Let’s GO!	「キラフレンド」と「トレーナーポーズ」が登場！	Amis Chanceux et poses d’avatar ! C'est parti !	¡Amistad con suerte y poses de avatar! ¡Let’s GO!	Glücks-Freunde und Avatar-Posen! Let’s GO!	Amici fortunati e pose avatar! Avanti!	「반짝반짝 프렌드」와 「트레이너 포즈」가 등장!		「亮晶晶好朋友」與「訓練家姿勢」登場！	Amigos sortudos e poses do avatar! Vamos Lá!
news_main_text_LuckyFriends	We have some exciting updates coming to Pokémon GO to give you even more ways to play and customize your journey! \n \nLucky Friends \nWhen you are Lucky Friends with someone, the next time you trade with each other, both Pokémon will become Lucky Pokémon! How do you become Lucky Friends? Once you become Best Friends, you will have a chance to become Lucky Friends! You will have this chance once per day when you and your Best Friend trade Pokémon, open a Gift from each other, team up in raids and Gym battles, or challenge each other to a Trainer Battle. \n \nHow do I know if my Best Friend is now a Lucky Friend? Similar to when you level up your friendships, you and your Best Friend will receive a notification when you have become Lucky Friends. You’ll also be able to see that they’re your new Lucky Friend in your Friend List and on their friend profile page. \n \nAfter completing the trade, your Lucky Friend status will return to Best Friend status. Don’t worry, Trainers—by doing the same steps, you can try to become Lucky Friends again! \n \nAvatar Poses \nReady to stand out at the Gym or on your Friend List? We are introducing avatar poses that will allow you to customize how your Trainer is posed on your Trainer profile, in the Friend List, in raid lobbies, in Gyms, and in battle previews. Once you acquire an avatar pose, it will be available on your account for both male and female  \n \nTrainer avatars. \nThanks for continuing to adventure with us, Trainers. We are excited to bring you new customizations and features for the game. Happy exploring! \n \n—The Pokémon GO team	『Pokémon GO』の楽しみ方の幅が広がる、新たなアップデートをお楽しみに！ \n \nキラフレンド \n \n強化に必要なほしのすなが通常よりも少なく、他のポケモンよりもずっと速く育てることができる「キラポケモン」。フレンド機能に新しく登場した「キラフレンド」になると、ポケモンを交換する時に、お互いのポケモンが必ず「キラポケモン」になります！「キラフレンド」になってポケモンを交換し、どんどんポケモンを強化しましょう！ \n \n「キラフレンド」になるには、フレンドの仲良し度が「大親友」になる必要があります。「大親友」になって、ポケモンを交換したり、ギフトを贈ったり、一緒にバトルをすると、まれに「キラフレンド」になることができます！「キラフレンド」になれるチャンスは1日1回あるので、毎日フレンドと一緒に『Pokémon GO』を楽しみましょう。 \n \n「キラフレンド」になると、「仲良し度」が上がる時と同じように、それぞれに通知が届きます。また、フレンドリストやフレンドプロフィールでも確認できるようになります。 \n \n「キラフレンド」のステータスは、一度ポケモンを交換すると「大親友」に戻りますが、毎日「キラフレンド」になれるチャンスがあります！ \n \nトレーナーポーズ \n \n注目を浴びること間違いなし！？ 新しく登場する「トレーナーポーズ」を使えば、トレーナーが取るポーズをカスタマイズできます。トレーナープロフィール、フレンドリスト、レイドバトルのロビー、ジム、トレーナーバトルなどの画面で確認できます。新しいポーズで、自分らしさをぜひ表現してください！ それぞれの「トレーナーポーズ」は、2つのスタイル共有で使用できます。 \n \nいつも『Pokémon GO』で冒険に出かけていただき、ありがとうございます。新しく登場する機能をぜひお楽しみください！ \n \n —Pokémon GO開発チームより	Nous avons d’intéressantes mises à jour prévues pour Pokémon GO qui vous offriront toujours plus de façons de jouer et de personnaliser votre aventure ! \n \nAmis Chanceux \nLorsque vous et un de vos amis devenez Amis Chanceux, la prochaine fois que vous ferez un échange entre vous, les deux Pokémon deviendront des Pokémon Chanceux ! \n \nComment devient-on Amis Chanceux ? Une fois devenus Meilleurs amis, vous aurez la possibilité de devenir Amis Chanceux ! Vous n’aurez qu’une chance par jour de le devenir, lorsque vous et votre Meilleur ami échangez un Pokémon, ouvrez des Cadeaux que vous vous êtes envoyés, faites équipe dans des Combats d’Arène/de Raid ou vous défiez dans un Combat de Dresseurs. \n \nComment savoir si mon Meilleur ami est maintenant un Ami Chanceux ? D’une façon similaire aux montées de niveau d’amitié, votre Meilleur ami et vous recevrez une notification lorsque vous serez devenus Amis Chanceux ! Vous pourrez également vérifier dans votre liste d’amis et sur son profil de Dresseur que votre Meilleur ami est votre nouvel Ami Chanceux \n \nUne fois l’échange terminé, votre Ami Chanceux redeviendra un simple Meilleur ami. Pas d’inquiétude, Dresseurs : vous pourrez toujours essayer de redevenir Amis Chanceux en suivant les mêmes étapes ! \n \nPoses d’avatar \nÊtes-vous prêts à vous démarquer dans les Arènes ou dans votre liste d’amis ? Nous allons implémenter des poses d’avatar qui vous permettront de personnaliser la posture de votre Dresseur sur votre profil de Dresseur, dans la liste d’amis, à l’accueil des Combats d’Arène/de Raid ainsi que dans les introductions de combat. Lorsque vous obtenez une pose d’avatar, elle sera disponible sur votre compte pour les avatars masculins et féminins. \n \nMerci de continuer cette aventure à nos côtés, Dresseurs. Nous avons hâte de vous proposer de nouvelles personnalisations et fonctions dans le jeu. Bonne exploration ! \n  \n—L’équipe Pokémon GO	¡Entrenadores! \n \nLlegan nuevas y emocionantes actualizaciones a Pokémon GO que os ofrecerán más formas de jugar y de hacer vuestra la aventura. \n \nAmistad con suerte \n \nCuando alcancéis una amistad con suerte con alguien, la próxima vez que intercambiéis Pokémon, ¡ambos se convertirán en Pokémon con suerte! \n \n¿Cómo consigues una amistad con suerte? Cuando tengáis una amistad sin igual, podréis convertiros en una amistad con suerte. Os aparecerá esta oportunidad una vez al día cuando tú y tu amistad sin igual intercambiéis Pokémon, abráis un regalo del otro, forméis equipo en las incursiones y los combates de Gimnasio u os desafiéis a un Combate de Entrenador. \n \n¿Cómo sé si mi amistad sin igual es una amistad con suerte? Al igual que ocurre cuando subes de nivel tus amistades, tú y tu amistad sin igual recibiréis una notificación cuando tengáis una amistad con suerte. También podréis ver que es vuestra nueva amistad con suerte en la lista de amigos y en su página de perfil de amigos. \n \nDespués de completar el intercambio, el estado de tu amistad con suerte volverá a ser una amistad sin igual. No os preocupéis, Entrenadores, si seguís los mismos pasos, podréis volver a disfrutar de vuestra amistad con suerte de nuevo. \n \nPoses de avatar \n \n¿Quieres llamar la atención en los Gimnasios o en tu lista de amigos? Presentamos las nuevas poses de avatar para que podáis personalizar la pose de vuestro Entrenador en el perfil de Entrenador, en la lista de amigos, en las salas de espera de las incursiones, en los Gimnasios y en las vistas previas de los combates. Cuando adquiráis una pose de avatar, estará disponible en vuestra cuenta para los avatares de Entrenador chica y chico. \n \n¡Gracias por compartir esta aventura a nuestro lado, Entrenadores! Nos encanta poder ofreceros personalizaciones y nuevas funciones para el juego. ¡Disfruta explorando! \n  \n— El equipo de Pokémon GO	Trainer, \n \nbald werden weitere Updates für Pokémon GO veröffentlicht, durch die sich noch mehr Möglichkeiten für das Spielerlebnis und eure Pokémon-Reise eröffnen. \n \nGlücks-Freunde \n \nWenn jemand euer Glücks-Freund ist, werden eure Pokémon beim nächsten Tausch zu Glücks-Pokémon. \n \nWie wird ein Trainer zum Glück-Freund? Sobald ein Trainer euer Bester Freund ist, könnt ihr eventuell zu Glücks-Freunden werden! Diese Chance besteht einmal pro Tag, wenn ihr mit einem Besten Freund Pokémon tauscht, ihr euch Geschenke schickt oder ihr zusammen in Raid-Kämpfen und Arenakämpfen oder gegeneinander in Trainerkämpfen antretet. \n \nWie erfährt man, dass ein Bester Freund nun ein Glücks-Freund ist? Genau wie beim Erhöhen des Freundschaftslevels erhaltet ihr beide eine Benachrichtigung, wenn ihr zu Glücks-Freunden werdet. Auch in der Freundesliste oder auf dem Profil des Freundes wird angezeigt, dass ihr nun Glücks-Freunde seid. \n \nNach dem Tausch wird der Status von Glücks-Freund auf Bester Freund zurückgesetzt. Doch keine Sorge, Trainer: Ihr könnt wieder zu Glücks-Freunden werden, indem ihr weiterhin Freundschaftsaktionen durchführt. \n \nAvatar-Posen \n \nMöchtet ihr in Arenen und in der Freundesliste besonders herausstechen? Wir führen Avatar-Posen ein, mit denen ihr die Pose eures Trainers im Trainerprofil, in der Freundesliste, in der Raid-Lobby, in Arenen und vor Trainerkämpfen einstellen könnt. Alle eure Avatar-Posen werden im Konto gespeichert und sind für männliche und weibliche Trainer-Avatare verfügbar. \n \nDanke, dass ihr uns auf diesem Abenteuer begleitet, Trainer! Wir arbeiten mit Freude daran, immer wieder neue Features in das Spiel einzufügen. Viel Spaß beim Entdecken! \n  \n– Das Team von Pokémon GO	Allenatori, \n \ngrazie ai nuovi entusiasmanti aggiornamenti di Pokémon GO, potrete giocare e personalizzare il vostro viaggio come non avete mai fatto prima d'ora! \n \nAmici fortunati \nLa prossima volta che farete degli scambi con i vostri amici fortunati, i Pokémon scambiati diventeranno Pokémon fortunati! \n \nCome si diventa amici fortunati? Per diventare amici fortunati, dovete prima essere migliori amici. Avrete la possibilità di diventare migliori amici una volta al giorno, quando scambierete Pokémon, aprirete il pacco amicizia che vi siete regalati, parteciperete insieme ai raid e alle sfide in Palestra o quando lotterete in una sfida Allenatore. \n \nCome potete sapere se il vostro migliore amico è diventato un amico fortunato? Quando sarete diventati amici fortunati riceverete entrambi una notifica di conferma, come succede quando aumenta il vostro livello di amicizia. Inoltre, potrete vedere i vostri nuovi amici fortunati nella lista amici e nella pagina del loro profilo. Completati gli scambi, da amici fortunati ritornerete ad essere migliori amici. Ma non vi preoccupate, Allenatori: seguendo la stessa procedura, potrete provare a diventare di nuovo amici fortunati! \n \nPose avatar \nPronti a farvi notare in Palestra o nella vostra lista amici? Stiamo introducendo le pose avatar con cui potrete personalizzare la posa dell'Allenatore nel vostro Profilo Allenatore, nella lista amici, nella schermata iniziale dei raid, nelle Palestre e nelle anteprime delle lotte.  Una volta acquisita, troverete la posa nel vostro account e potrete utilizzarla per gli avatar maschili e femminili. \n \nGrazie per continuare la vostra avventura con noi, Allenatori. Siamo davvero entusiasti di potervi regalare nuove funzionalità e personalizzazioni per il gioco. Divertitevi esplorando! \n  \n—Il Team di Pokémon GO	트레이너 여러분 “”Pokémon GO”의 재미가 넓어지는 새로운 업데이트를 기대하세요! \n \n반짝반짝 프렌드 \n \n강화에 필요한 별의모래가 평소보다 적어 다른 포켓몬보다 빨리 키울 수 있는 것이 「반짝반짝 프렌드」입니다. 프렌드 기능에 새로 등장한 「반짝반짝 프렌드」가 되면 포켓몬을 교환할 때, 서로의 포켓몬이 반드시 「반짝반짝 포켓몬」이 됩니다! \n「반짝반짝 프렌드」가 되어서 포켓몬을 교환하고 더욱더 포켓몬을 강화합시다! \n \n「반짝반짝 프렌드」가 되려면 우정레벨이 「베스트 프렌드」가 될 필요가 있습니다. 「베스트 프렌드」가 되어 포켓몬을 교환하거나, 선물을 보내거나, 함께 배틀을 하면 가끔 「반짝반짝 프렌드」가 될 수 있습니다! 「반짝반짝 프렌드」로 될 수 있는 기회는 하루 1번 있으니 매일 프렌드와 함께 “Pokémon GO”를 즐기세요. \n \n「반짝반짝 프렌드」가 되면 우정레벨이 올라갈 때처럼 각자에게 알림이 도착합니다. 또한, 프렌드 리스트와 프렌드 프로필에서도 확인할 수 있습니다. \n \n「반짝반짝 프렌드」의 상태는 한번 포켓몬을 교환하면 「베스트 프렌드」로 돌아가지만 매일 「반짝반짝 프렌드」가 될 수 있습니다! \n \n트레이너 포즈 \n \n주목을 한몸에 받는다!? 새로 등장하는 「트레이너 포즈」를 사용하면 트레이너가 취하는 포즈를 커스타마이즈할 수 있습니다. 트레이너 프로필, 프렌드 리스트, 레이드배틀의 로비, 체육관, 트레이너 배틀 등의 화면에서 확인할 수 있습니다. 새로운 포즈로 나만의 개성을 표현하세요! 각각의 「트레이너 포즈」는 2개의 스타일 공유로 사용할 수 있습니다. \n \n항상 “Pokémon GO”로 모험을 떠나 주셔서 감사합니다. 새롭게 등장하는 기능을 즐겨 주세요! \n \n—Pokémon GO개발팀		親愛的訓練家們： \n在接下來的更新之後，Pokémon GO將會加入更多有趣新的玩法！ \n \n亮晶晶好朋友 \n只要與其他訓練家成為「亮晶晶好朋友」，在與對方交換寶可夢時，雙方的寶可夢都將變為「亮晶晶寶可夢」！ \n如何才能變成「亮晶晶好朋友」呢？只要將朋友的友誼等級提升到「正港好朋友」，並且和你的正港好朋友交換寶可夢、互贈禮物、一起參加各種對戰，每天就會有一次機會和對方變成「亮晶晶好朋友」。 \n \n和「友誼等級」提升時相同，當與朋友變成「亮晶晶好朋友」時，雙方都會收到通知。你也可以在朋友名單及朋友的個人檔案確認哪些人已經成為你的「亮晶晶好朋友」。 \n \n當與「亮晶晶好朋友」進行了寶可夢的交換，對方的狀態就會變回「正港好朋友」。在那之後你每天仍然有機會和對方再次成為「亮晶晶好朋友」。 \n訓練家姿勢 \n \n想讓自己變得萬眾矚目嗎？透過新登場的「訓練家姿勢」功能，你將可以自由決定你在遊戲中擺出的姿勢。能夠讓你展現獨特姿勢的地方包括了個人檔案、朋友名單、團體戰大廳、道館以及訓練家對戰等畫面。所有的姿勢都是男女訓練家通用喔！ \n \n非常感謝訓練家們一直以來對Pokémon GO的支持，期望新登場的功能能夠為大家帶來更多樂趣！ \n \n—Pokémon GO 開發團隊敬上	Treinadores, \n \nAlgumas atualizações emocionantes estão chegando no Pokémon GO para trazer ainda mais maneiras de personalizar sua jornada! \n \nAmigos sortudos \n \nQuando você é um Amigo Sortudo de alguém, na próxima vez que trocarem entre vocês, os dois Pokémon se tornarão Pokémon sortudos! \n \nComo vocês podem ser amigos sortudos? Depois de ter uma amizade sem igual, vocês podem se tornar amigos sortudos! Você terá essa chance uma vez por dia quando você e sua amizade sem igual trocarem Pokémon, abrirem um presente do outro, formarem uma equipe em Reides e batalhas de Ginásio ou se desafiarem para uma Batalha de Treinador. \n \nComo faço para saber se minha amizade sem igual passou a ser meu amigo sortudo? Da mesma forma em que sobe de nível na amizade, você e sua amizade sem igual receberão uma notificação quando se tornarem amigos sortudos. Você também poderá ver quem é seu novo amigo sortudo na lista de amigos e na página do perfil do amigo. \n \nDepois de concluir a troca, seu status de amigo sortudo voltará a ser o de amizade sem igual. Não se preocupem, Treinadores, realizando as mesmas etapas, vocês podem se tornar amigos sortudos novamente! \n \nPoses do avatar \n \nVocê está preparado para se destacar no Ginásio ou na sua lista de amigos? Estamos apresentando as poses do avatar. Com elas, você poderá personalizar como seu Treinador posa no Perfil do Treinador, na lista de amigos, nas salas Reide, nos Ginásios e nas prévias de batalhas. Quando você adquirir uma pose de avatar, ela estará disponível para os avatares masculinos e femininos do Treinador. \n \nObrigado por continuarem a se aventurar com a gente, Treinadores. Estamos empolgados por apresentar novas personalizações e recursos para o jogo. Boa exploração! \n  \n—A equipe do Pokémon GO
news_summer_2019	You’ll need a bigger bottle of sunscreen for our Pokémon GO summer events 2019!	『Pokémon GO』のサマーイベント発表！今年も熱い夏が始まる！	Faites le plein de crème solaire pour ces évènements estivaux de Pokémon GO de 2019.	¡Vas a necesitar un bote más grande de protección solar para nuestros eventos de verano de Pokémon GO de 2019!	Du brauchst mehr Sonnencreme für unsere Pokémon GO-Sommerevents 2019!	Tira fuori la crema solare, perché sono in arrivo gli eventi estivi di quest’anno targati Pokémon GO!	“Pokémon GO”서머 이벤트 발표! 올해도 뜨거운 여름이 시작한다!		為繽紛盛夏準備好防曬霜，Pokémon GO Summer Events 2019 來了!	Prepare-se para os próximos eventos de 2019 do Pokémon GO!
news_subheader_summer_2019	You’ll need a bigger bottle of sunscreen for our Pokémon GO summer events 2019!	『Pokémon GO』のサマーイベント発表！今年も熱い夏が始まる！	Faites le plein de crème solaire pour ces évènements estivaux de Pokémon GO de 2019.	¡Vas a necesitar un bote más grande de protección solar para nuestros eventos de verano de Pokémon GO de 2019!	Du brauchst mehr Sonnencreme für unsere Pokémon GO-Sommerevents 2019!	Tira fuori la crema solare, perché sono in arrivo gli eventi estivi di quest’anno targati Pokémon GO!	“Pokémon GO”서머 이벤트 발표! 올해도 뜨거운 여름이 시작한다!		為繽紛盛夏準備好防曬霜，Pokémon GO Summer Events 2019 來了!	Prepare-se para os próximos eventos de 2019 do Pokémon GO!
news_main_text_summer_2019	In 2018, we had an incredible year of live events for Pokémon GO, with our return to Chicago for Pokémon GO Fest as well as 4 Safari Zones, 12 Community Days, and tons of fun events for Trainers in between. This year, you can look forward to even more events in more locations! \n \nWe’re excited to reveal that Pokémon GO Fest is coming to three cities around the world! \n-June 13–16: Pokémon GO Fest Chicago \n-July 4–7: Pokémon GO Fest Dortmund \n-Dates and location to be announced: Pokémon GO Fest APAC \nStay tuned in the upcoming weeks for details on how to secure tickets to this summer’s biggest Pokémon GO events. A number of Safari Zone events are coming up in the second half of 2019, so keep your eyes peeled for more! \n  \nIf you can’t make it in person to any of our summer events, don’t worry! There will be plenty of ways to participate in Pokémon GO Fest no matter where you are around the world. Stay tuned for more information on this soon! \n  \nFinally, for those interested in the upcoming worldwide Community Day events, mark your calendars for the following dates: \n-May 19 \n-June 8 \n-July 21 \n-August 3 \nWe can’t wait to see you at one of the many Pokémon GO events of 2019 and beyond!	2018年は、シカゴの「Pokémon GO Fest」をはじめとして、4都市で開催された「Safari Zone」、毎月の「コミュニティ・デイ」など、トレーナー同士で楽しめるたくさんのイベントを開催してきました。今年はさらにパワーアップしたリアルイベントを開催します！ \n \n2019年1月には、南米初となる「Safari Zone」をブラジルのポルト・アレグレで開催、今月中旬にはシンガポールのセントーサ島で「Safari Zone」を開催します。今後、さらに3地域で「Pokémon GO Fest」を開催する予定です！ \n \n- アメリカ シカゴ：現地時間6月13日（木）～16日（日） 「Pokémon GO Fest Chicago」 \n- ドイツ ドルトムント：現地時間7月4日（木）～7日（日） 「Pokémon GO Fest Dortmund」 \n- アジア太平洋地域：2019年夏 「Pokémon GO Fest AsiaAPAC（開催地未定）」 \n \n『Pokémon GO Fest Chicago』『Pokémon GO Fest Dortmund』の各イベントのチケット購入についての詳細や、アジア太平洋地域での「Pokémon GO Fest」開催日程や開催地などの詳細は、今後あらためてお知らせいたします。2019年の後半には、複数の国と地域で「Safari Zone」の開催を予定していますので、最新情報のチェックをお忘れなく！ \n \nもし、この夏のライブイベントに現地で参加ができなくても、世界中のトレーナーの皆さんがひとつになりこれらのイベントをお楽しみいただけるよう準備しています。詳細は、近日中にお知らせしますので、今しばらくお待ちください！ \n \nそしてなんと、「Pokémon GO コミュニティ・デイ」の今後8月までのスケジュールを発表いたします！ぜひ今のうちにカレンダーにチェックをして、イベント当日に向けて準備をしましょう！ \n \n- 5月19日（日） \n- 6月8日（土） \n- 7月21日（日） \n- 8月3日（土） \n \n2019年の『Pokémon GO』のイベントでも、また皆さんとお会いできるのを楽しみにしています！	L’année 2018 a été remplie d’évènements Pokémon GO, notamment notre retour à Chicago pour le Festival Pokémon GO, ainsi que 4 Zones Safari, 12 Journées Communauté, et bien d’autres évènements pour nos Dresseurs. Cette année, participez à encore plus d’évènements dans le monde entier ! \n \nNous sommes heureux d’annoncer que le Festival Pokémon GO se déroulera dans trois villes ! \n-Du 13 au 16 juin : Festival Pokémon GO de Chicago \n-Du 4 au 7 juillet : Festival Pokémon GO de Dortmund \n-Dates et lieu à confirmer : Festival Pokémon GO d’Asie-Pacifique \nRestez à l’écoute dans les semaines à venir pour plus de détails sur l’obtention des tickets pour ces évènements estivaux de Pokémon GO. Quelques évènements Zone Safari se dérouleront dans la seconde partie de l’année 2019, ne les manquez pas ! \n \nSi vous n’avez pas l’occasion de participer à ces évènements estivaux en personne, ne vous en faites pas ! Vous aurez d’autres façons de participer au Festival Pokémon GO, où que vous soyez. Plus d’informations seront bientôt partagées. \n \nEnfin, notez dans vos calendriers les dates des prochaines Journées Communauté : \n-le 19 mai \n-le 8 juin \n-le 21 juillet \n-le 3 août \nNous espérons vous rencontrer bientôt à l’un de ces évènements Pokémon GO de 2019 !	En 2018, tuvimos un año increíble de eventos en vivo de Pokémon GO, con nuestro regreso a Chicago para el Festival de Pokémon GO, así como 4 eventos de Zona Safari, 12 Días de la Comunidad y un montón de eventos divertidos para Entrenadores. Este año, ¡puedes esperar incluso más eventos en más lugares! \n \n¡Nos complace revelar que los Festivales de Pokémon GO se celebrarán en tres ciudades del mundo! \n-Del 13 al 16 de junio: Festival de Pokémon GO de Chicago \n-Del 4 al 7 de julio: Festival de Pokémon GO de Dormund \n-Fechas y lugar por determinar: Festival de Pokémon GO de Asia Pacífico \nEstate pendiente en las próximas semanas para obtener más detalles sobre cómo conseguir entradas para los mayores eventos de Pokémon GO. En la segunda mitad de 2019, se avecinan varios eventos de Zona Safari, ¡así que mantén los ojos bien abiertos! \n \nSi no puedes asistir en persona a ninguno de nuestros eventos de verano, ¡no te preocupes! Habrá muchas formas de participar en los Festivales de Pokémon GO, independientemente de dónde estés en el mundo. ¡Estate pendiente para obtener más información pronto! \n \nFinalmente, si te interesan los próximos eventos mundiales del Día de la Comunidad, marca en tu calendario las próximas fechas: \n-19 de mayo \n-8 de junio \n-21 de julio \n-3 de agosto \n¡Esperamos verte en alguno de los muchos eventos de Pokémon GO de 2019 y en los años siguientes!	2018 war ein spektakuläres Jahr voller Live-Events in Pokémon GO. Das Pokémon GO-Fest kehrte nach Chicago zurück, es gab vier Safari-Zonen und zwölf Community Days, und zwischendurch fanden zahlreiche aufregende Events für Trainer statt. Dieses Jahr kannst du dich auf noch mehr Events an noch mehr Schauplätzen freuen! \n \nWir freuen uns, bekannt zu geben, dass das Pokémon GO-Fest in drei Städten Einzug erhält! \n-13.–16. Juni: Pokémon GO-Fest Chicago \n-4.–7. Juli: Pokémon GO-Fest Dortmund \n-Zeitraum und Veranstaltungsort werden noch bekannt gegeben: Pokémon GO-Fest APAC \nIn den kommenden Wochen erfährst du mehr darüber, wie du dir Tickets für die größten Pokémon GO-Events dieses Sommers sichern kannst. In der zweiten Jahreshälfte erwarten dich einige Safari-Zone-Events, also halte die Augen offen für weitere Infos! \n \nWenn du es nicht selbst zu einem dieser Sommerevents schaffst, ist das kein Problem! Es wird etliche Möglichkeiten geben, an Pokémon GO-Festen teilzunehmen, egal wo du dich gerade in der Welt aufhältst. Weitere Informationen dazu folgen bald! \n \nUnd wenn du dich für unsere bevorstehenden, weltweiten Community Day-Events interessierst, merke dir die folgenden Daten: \n-19. Mai \n-8. Juni \n-21. Juli \n-3. August \nWir können es kaum erwarten, dich 2019 und darüber hinaus auf einem der vielen Pokémon GO-Events zu sehen!	Il 2018 è stato un anno incredibilmente ricco di appuntamenti dal vivo, con il ritorno a Chicago del Festival di Pokémon GO, quattro eventi Zona Safari e dodici Community Day, intervallati da tante altre fantastiche iniziative. Ebbene, quest’anno probabilmente ci supereremo! \n \nPer cominciare, il Festival di Pokémon GO si estenderà a ben tre città: \nChicago, dal 13 al 16 giugno \nDortmund, dal 4 al 7 luglio \nAsia Pacifica, date e località ancora da definirsi \nTorna a trovarci nelle prossime settimane per scoprire come mettere le mani sui biglietti per gli eventi più importanti dell’estate targati Pokémon GO. E non è finita, perché la seconda metà del 2019 pullulerà di eventi Zona Safari, quindi tieni gli occhi aperti e non perderti i prossimi aggiornamenti. \n \nNon potrai esserci di persona? Niente paura! Potrai comunque partecipare al Festival di Pokémon GO in tanti altri modi e da qualunque angolo del mondo. Torna a trovarci per scoprire tutti i dettagli. \n \nPer chiudere in bellezza, ecco alcune date da segnare sul calendario per tutti i fan dei Community Day: \n19 maggio \n8 giugno \n21 luglio \n3 agosto \nGli eventi del 2019 firmati Pokémon GO ti aspettano. Non vediamo l’ora di incontrarti!	2018년에는 시카고의 「Pokémon GO Fest」를 시작으로 4개 도시에서 개최된 「Safari Zone」, 매월 있는 「커뮤니티 데이」 등 트레이너가 즐길 수 있는 많은 이벤트를 개최했습니다. 올해는 더 파워업한 리얼 이벤트를 개최합니다! \n \n2019년 1월에는 남미 첫 「Safari Zone」을 브라질의 포르투알레그리에서 개최, 이번 달 중순에는 싱가포르 센토사섬에서 「Safari Zone」을 개최합니다. 앞으로 추가로 3개 지역에서 「Pokémon GO Fest」를 개최할 예정입니다. \n \n- 미국 시카고: 현지 시간 6월 13일(목)~16일(일)：「Pokémon GO Fest Chicago」 \n- 독일 도르트문트: 현지 시간 7월 4일(목)~ 7일(일) 「Pokémon GO Fest Dortmund」 \n- 아시아: 2019년 여름 「Pokémon GO Fest Asia(개최지 미정)」 \n \n「Pokémon GO Fest Chicago」, 「Pokémon GO Fest Dortmund」의 각 이벤트 티켓 구입에 대한 자세한 내용과 아시아의 「Pokémon GO Fest」 개최 일정과 개최지 등의 자세한 내용은 추후 다시 알려드리겠습니다. 2019년에 하반기에는 여러 나라와 지역에서 「Safari Zone」의 개최를 예정하고 있으니 최신 정보를 확인하세요! \n \n만약 이 여름의 라이브 이벤트에 현지로 참가할 수 없어도 전 세계 트레이너 여러분이 하나가 되어 이벤트를 즐길 수 있도록 준비하고 있습니다. 자세한 내용은 가까운 시일에 안내하니 기다려 주세요! \n \n그리고 「Pokémon GO 커뮤니티 데이」의 8월까지의 스케줄을 발표합니다! 지금 바로 달력에 체크하고 이벤트 당일을 위한 준비를 하세요! \n \n- 5월 19일(일) \n- 6월 8일(토) \n- 7월 21일(일) \n- 8월 3일(토) \n \n2019년 “Pokémon GO” 이벤트에서도 여러분과 만날 수 있길 기대하고 있습니다!		親愛的訓練家們： \n \n在2018年，Pokémon GO為訓練家們舉辦了一系列令人難以忘懷的現實世界活動。包括在芝加哥舉辧的Pokémon GO Fest，4個Safari Zone，12個社群日，及其他數之不盡的歡樂活動。今年，你可以在更多地點參加更多活動！ \n \n2019年1月，我們在巴西愉港以南美洲首個Safari Zone 為今年拉開序幕。接下來，我們將在本月中旬在新加坡聖淘沙舉辦東南亞首個 Safari Zone。而後，我們將在3個地區舉辦Pokémon GO Fest！ \n- 當地時間6月13日至6月16日：在美國芝加哥舉辦「Pokémon GO Fest Chicago」 \n- 當地時間7月4日至7月7日：在德國多特蒙德舉辦「Pokémon GO Fest Dortmund」 \n- 2019年夏季：在亞太地區舉辦「Pokémon GO Fest Asia」（舉辦城市未定） \n我們會陸續公佈各活動的購票方法，以及亞太地區「Pokémon GO Fest」的舉辦日期、舉辦地點等資訊，敬請期待。下半年還有更多「Safari Zone」活動，請務必持續追蹤！ \n \n即使你無法親身前往今夏任何活動的舉辦城市，也不必擔心！無論身在何處，你都可以參加 Pokémon GO Fest。請密切留意我們的公告！ \n \n最後，我們要在此公布到8月份為止的Pokémon GO社群日舉辦日程，請記好以下日期： \n- 5月19日 \n- 6月8日 \n- 7月21日 \n- 8月3日 \n我們期待在眾多2019和未來的Pokémon GO活動中與你相見！ \n—Pokémon GO 開發團隊敬上	O ano de 2018 trouxe vários eventos ao vivo incríveis do Pokémon GO, com nosso retorno a Chicago para o Festival de Pokémon GO, além de 4 Zonas de Safári, 12 Dias Comunitários, além de vários outros eventos para Treinadores. Este ano, você pode esperar um número ainda maior de eventos sediados em mais lugares diferentes! \n \nEstamos muito felizes em revelar que o Festival de Pokémon GO será realizado em três cidades diferentes ao redor do mundo!  \n-De 13 a 16 de junho: Festival de Pokémon GO em Chicago, nos Estados Unidos. \n-De 4 a 7 de julho: Festival de Pokémon GO em Dortmund, na Alemanha. \n-Datas e local a serem anunciados: Festival de Pokémon GO na região Ásia-Pacífico. \nFique ligado durante as próximas semanas para saber como adquirir ingressos para os maiores eventos do Pokémon GO dos próximos meses. Vários eventos de Zona de Safári serão realizados no segundo semestre de 2019, então fique atento às notícias! \n  \nCaso você não possa comparecer a estes eventos, não se preocupe! Existirão muitas outras maneiras de participar do Festival de Pokémon GO de qualquer lugar do mundo. Novas informações estarão disponíveis em breve, então fique ligado! \n  \nE por fim, para quem quiser saber quando ocorrerão os próximos eventos de Dia Comunitário por todo o mundo, é só marcar estas datas na sua agenda: \n-19 de maio \n-8 de junho \n-21 de julho \n-3 de agosto \nMal podemos esperar para ver você nos muitos eventos do Pokémon GO de 2019 e além!